COMM_CURRENT,OBJECTID,BG20,CB20,CTCB20,FIP20,BGFIP20,ZCTA20,HD22,SPA22,SUP21,POP20,HOUSING20,FIP_CURRENT,BG20FIP_CURRENT,ShapeSTArea,ShapeSTLength,med_hh_income,med_hh_income_universe,ESRI_OID,Shape__Area,Shape__Length,Total Population,Total Hispanic/Latine Population,Total Non-Hispanic/Latine Population,"Total Non-Hispanic/Latine Population, One Race","Total White, Non-Hispanic/Latine","Total Black, Non-Hispanic/Latine","Total American Indian/American Native, Non-Hispanic/Latine","Total Asian, Non-Hispanic/Latine"
Mandeville Canyon,34689.333333333336,2624001.393939394,1402.060606060606,2624001402.060606,44000.0,262400183393.9394,90163.87878787878,84.0,5.0,3.0,98.24242424242425,39.42424242424242,44000.0,262400183393.9394,3675520.5478534233,9705.946745006371,250001.0,1101.0,3655.0,121143587.917969,72274.4100668942,3242.0,215.0,3027.0,2879.0,2620.0,43.0,4.0,194.0
Palisades Highlands,44116.34782608696,6213101.304347826,1312.608695652174,6213101312.608696,44000.0,621310174434.7826,90273.17391304347,84.0,5.0,3.0,85.02173913043478,33.5,44000.0,621310174434.7826,11199256.045415591,13339.680672496439,225547.5,663.5,4047.0,257801600.31347674,91910.00545974894,1955.5,122.0,1833.5,1725.0,1513.0,16.0,0.0,185.0
Bel Air,39960.5,2621518.0,1877.9354838709678,2621518006.967742,44000.0,262151844000.0,90073.5,84.0,5.0,3.0,124.96774193548387,54.354838709677416,44000.0,262151844000.0,3010372.563959208,8461.191803228872,210502.16129032258,1381.1935483870968,3650.516129032258,93384758.77079135,58382.17968638776,3895.9032258064517,231.38709677419354,3664.516129032258,3441.8387096774195,2948.548387096774,76.0,0.4838709677419355,378.4193548387097
Beverly Crest,43450.232558139534,2611391.7209302327,1379.5116279069769,2611391728.3488374,44000.0,261139216093.02325,90148.45348837209,84.0,5.0,3.0,138.58139534883722,61.98837209302326,44000.0,261139216093.02325,2723717.339761799,7840.320242926249,186773.72093023255,1217.093023255814,3647.686046511628,66116480.8817678,46446.602436746536,3304.1627906976746,220.0581395348837,3084.1046511627906,2901.8488372093025,2557.3953488372094,57.23255813953488,3.6511627906976742,257.56976744186045
Pacific Palisades,48466.10116731517,2626649.194552529,2121.6692607003893,2626649203.381323,44000.0,262664963455.25293,90281.09881422925,84.0,5.0,3.0,81.52529182879377,35.540856031128406,44000.0,262664963455.25293,684890.6667590208,3840.690244902149,179614.8832684825,1566.0311284046693,3658.875486381323,31918984.696007892,30571.906724942175,4211.735408560311,251.75486381322958,3959.9805447470817,3731.0272373540856,3422.0661478599222,29.883268482490273,4.2412451361867705,240.60311284046693
Cheviot Hills,50508.304,2691466.832,2838.368,2691466838.368,44000.0,269146727200.0,90059.096,84.0,5.0,3.0,76.704,31.208,44000.0,269146727200.0,387781.1883415425,2561.6714257707276,169362.416,1825.36,3918.496,24183517.08847656,24477.462062857932,4810.752,448.256,4362.496,4083.192,3481.016,93.912,3.024,466.44
Brentwood,43105.6935483871,2637377.060483871,1624.4233870967741,2637377067.971774,44000.0,263737750048.3871,90054.40725806452,84.0,5.0,3.0,122.31451612903226,62.42741935483871,44000.0,263737750048.3871,1034201.8360970179,3715.787251428798,160235.91532258064,1241.274193548387,3721.0887096774195,26115874.73588714,23495.198878331754,2902.2862903225805,193.65322580645162,2708.6330645161293,2545.701612903226,2262.5241935483873,36.185483870967744,1.1693548387096775,229.8790322580645
Marina Peninsula,48838.052083333336,2742022.21875,2232.46875,2742022232.46875,44000.0,274202265875.0,90292.0,84.0,5.0,2.0,51.072916666666664,31.71875,44000.0,274202265875.0,248177.6394269721,1775.871685598622,155366.0,2324.0,4145.0,10042123.1279297,16499.6556489786,4903.0,459.0,4444.0,4168.0,3604.0,197.0,2.0,320.0
Playa Del Rey,54149.89473684211,2781022.0877192984,2097.4736842105262,2781022097.4736843,44000.0,278102252771.9298,90293.0,84.0,5.0,2.0,51.89473684210526,28.263157894736842,44000.0,278102252771.9298,621115.2550744298,2979.0894615751176,153654.0,1502.0,4171.0,16249113.2763672,24720.6077799523,2958.0,362.0,2596.0,2400.0,2088.0,100.0,3.0,175.0
Beverlywood,47833.81981981982,2675110.864864865,2401.3783783783783,2675110869.846847,44000.0,267511130486.48648,90034.55855855856,84.0,5.0,3.0,116.89189189189189,49.24324324324324,44000.0,267511130486.48648,268490.0734967829,2392.493349882409,147897.54054054053,1577.162162162162,3881.5405405405404,10602459.23775338,14360.619668899722,4239.153153153153,345.52252252252254,3893.6306306306305,3678.864864864865,3221.4594594594596,94.16216216216216,4.351351351351352,299.43243243243245
Porter Ranch,40420.605590062114,1092737.6118012422,1874.8229813664595,1092737620.1645963,44000.0,109273805180.12422,91325.87267080745,62.0,2.0,3.0,110.9223602484472,38.70807453416149,44000.0,109273805180.12422,713952.4173461999,4166.161868812484,133202.91304347827,1606.6801242236024,3069.6428571428573,33187088.326005083,25529.937056888488,5026.394409937888,777.7950310559006,4248.599378881988,4033.7577639751553,2153.8757763975154,169.54347826086956,8.372670807453416,1666.245341614907
Studio City,38955.90454545455,1435942.4636363636,1834.7227272727273,1435942471.0863636,44000.0,143594290363.63635,91562.79090909091,19.0,2.0,4.581818181818182,101.97727272727273,50.654545454545456,44000.0,143594290363.63635,543980.4811715203,3293.987827619142,129071.65454545454,1694.8818181818183,4287.086363636364,20608488.5396218,21611.98812713707,3632.0545454545454,414.6818181818182,3217.3727272727274,3016.7909090909093,2550.9636363636364,138.3590909090909,4.159090909090909,291.8909090909091
Playa Vista,50858.17355371901,2756039.396694215,2217.3884297520663,2756039407.4710746,44000.0,275603983669.4215,90144.44628099173,84.0,5.0,2.0,134.13223140495867,71.74380165289256,44000.0,275603983669.4215,311110.8330471567,2709.333625797155,124657.26446280992,2530.4876033057853,4154.719008264463,13344235.843661243,20338.054817376913,6018.694214876033,871.6611570247934,5147.033057851239,4756.305785123967,3004.1322314049585,408.6280991735537,8.057851239669422,1278.2644628099174
Tarzana,42793.94086021505,1394855.7741935484,1909.1935483870968,1394855780.1612904,44000.0,139485621419.35483,91355.09677419355,86.0,2.0,3.0,166.67741935483872,68.61827956989248,44000.0,139485621419.35483,962790.5903773154,4275.528135661326,124365.34946236559,1351.4569892473119,4128.897849462365,29265952.921869755,25429.19708694482,3715.2741935483873,473.09139784946234,3242.1827956989246,3058.4193548387098,2668.4193548387098,120.58064516129032,3.6129032258064515,238.18279569892474
Encino,39570.8993902439,2295564.6646341463,1806.344512195122,2295564672.1981707,44000.0,229556510463.41464,91356.55792682926,86.0,2.0,3.0,137.33231707317074,60.02743902439025,44000.0,229556510463.41464,1201880.8008448211,4959.4717030465745,123969.2256097561,1577.0091463414635,4158.990853658536,33809907.95581056,27039.837244741688,3889.746951219512,485.8567073170732,3403.890243902439,3199.5975609756097,2752.4634146341464,127.8719512195122,3.466463414634146,285.6981707317073
Brookside,44443.692307692305,2161001.0,1006.0,2161001006.0,44000.0,216100144000.0,90017.53846153847,34.0,4.0,2.0,55.38461538461539,18.692307692307693,44000.0,216100144000.0,219542.55134279435,2062.8349851680705,120526.0,964.0,2790.0,7258622.61328125,11137.2282597639,2465.0,345.0,2120.0,1962.0,1110.0,364.0,1.0,470.0
West Hills,41479.2729528536,1576743.3622828785,1707.9801488833748,1576743370.5111663,44000.0,157674380228.28784,91307.30769230769,86.0,2.0,3.0,96.93796526054591,34.007444168734494,44000.0,157674380228.28784,691262.561162194,3886.6140570299754,120265.70256410257,1298.3052109181142,3848.3225806451615,25381664.96896567,23424.377999885663,3655.6029776674936,673.9330024813896,2981.6699751861042,2790.5856079404466,2052.573200992556,122.91811414392059,5.119106699751861,583.4069478908189
Westchester,48693.24734982332,3947577.82155477,2057.9134275618376,3947577835.2985864,44000.0,394757826155.47705,90075.4814159292,84.0,5.0,2.0,89.68197879858657,40.96289752650177,44000.0,394757826155.47705,681617.0120468845,3235.3060335312007,119881.72399150743,1300.0318021201413,4215.803886925795,44585480.54025137,29294.16053997519,3435.4575971731447,614.3109540636042,2821.1466431095405,2583.2809187279154,1800.5936395759718,263.482332155477,7.215547703180212,477.7279151943463
Woodland Hills,41673.251177394035,1371223.6546310831,1811.1145996860282,1371223663.5478806,44000.0,137122409463.10832,91363.94505494506,86.0,2.0,3.0,111.89010989010988,48.218210361067506,44000.0,137122409463.10832,645762.4641305412,3675.327708506956,117320.12087912088,1568.8257456828885,4108.131868131868,26069664.003104456,23299.3291806146,4228.747252747253,544.8053375196232,3683.9419152276296,3445.4725274725274,2828.9199372056514,174.9701726844584,5.882260596546311,397.75667189952907
Los Feliz,38772.38053097345,4199262.044247787,1614.4380530973451,4199262056.9159293,44000.0,419926248424.77875,90057.11061946902,21.38938053097345,4.0,5.0,93.10619469026548,51.415929203539825,44000.0,419926248424.77875,1289939.905086351,4931.37604607018,114033.5625,1059.486725663717,4457.340707964602,74331510.94170454,33993.790753734254,2138.0619469026547,274.8495575221239,1863.212389380531,1742.646017699115,1430.41592920354,59.65929203539823,2.9646017699115044,234.20353982300884
Century City,45419.663865546216,2675252.5714285714,1486.2521008403362,2675252578.6890755,44000.0,267525301142.85715,90045.6218487395,84.0,5.0,3.0,114.28571428571429,63.563025210084035,44000.0,267525301142.85715,271506.1214603008,2259.7583958532337,113930.96638655462,1541.2268907563025,3828.5210084033615,8115010.87523798,11990.080025573892,3448.0336134453783,252.14285714285714,3195.890756302521,2997.9411764705883,2399.126050420168,78.24369747899159,4.882352941176471,492.9579831932773
Venice,51250.37753222836,2735728.5727440147,2264.686924493554,2735728581.445672,44000.0,273572901274.40146,90287.30555555556,84.0,5.0,2.9521178637200736,61.591160220994475,35.34990791896869,44000.0,273572901274.40146,159182.90683100728,1719.5830946010108,112179.90784313726,1579.7845303867402,4037.51197053407,7163714.06193888,11878.18698059514,3120.160220994475,520.5653775322284,2599.594843462247,2419.966850828729,2077.303867403315,135.84530386740332,5.666666666666667,164.82136279926334
Granada Hills,37513.394230769234,1374566.4884615385,1765.1076923076923,1374566495.876923,44000.0,137456692846.15384,91343.5826923077,62.0,2.0,3.0,109.5576923076923,36.65,44000.0,137456692846.15384,843934.6102940002,3907.67900985108,110776.3041749503,1249.2096153846153,3060.0942307692308,28337671.01746543,23722.609337539187,3762.851923076923,1257.3403846153847,2505.5115384615383,2371.1846153846154,1623.2346153846154,111.0923076923077,7.198076923076923,600.8442307692308
Chatsworth,40282.363333333335,1132245.6866666668,1429.6,1132245696.2666667,44000.0,113224612666.66667,91311.48,86.0,2.0,3.0,122.79333333333334,45.32333333333333,44000.0,113224612666.66667,975857.7919821248,4301.605513256865,105806.89333333333,1384.21,3116.6566666666668,37483695.96573568,26103.701000139234,3876.92,1065.08,2811.84,2651.8866666666668,1754.9433333333334,176.22,5.513333333333334,684.9666666666667
Hancock Park,44807.85648148148,2119096.842592593,2777.1574074074074,2119096851.2314816,44000.0,211909728259.25925,90017.67592592593,34.0,4.0,2.0,75.6574074074074,33.63425925925926,44000.0,211909728259.25925,265385.03101010557,2201.9779128829446,105010.47222222222,1732.4537037037037,2660.5925925925926,18237354.621645357,18287.950165163624,4442.009259259259,472.75925925925924,3969.25,3737.175925925926,2485.712962962963,175.39814814814815,3.5833333333333335,1032.0092592592594
Sherman Oaks,39480.187319884724,1348914.1195965419,1935.4423631123918,1348914125.6440923,44000.0,134891455959.65417,91428.39481268011,69.4913544668588,2.0,3.0518731988472623,126.55475504322767,61.664265129682995,44000.0,134891455959.65417,440495.9013324573,3089.84902755601,104424.98270893372,1778.077809798271,3990.108069164265,13723309.166648848,16846.37306699138,3936.9668587896253,670.3631123919308,3266.6037463976945,3050.9250720461096,2522.6239193083575,191.4827089337176,4.6354466858789625,299.9971181556196
Hollywood Hills,39575.78571428572,1830030.2738095238,1708.5595238095239,1830030279.9880953,44000.0,183003071380.9524,90117.69841269842,31.61904761904762,3.6825396825396823,4.690476190476191,117.77380952380952,69.64682539682539,44000.0,183003071380.9524,779911.962710574,4442.745936343993,103053.90873015873,1501.531746031746,4485.194444444444,20452032.206240706,25076.26545025297,3200.9444444444443,374.1666666666667,2826.777777777778,2635.8888888888887,2234.6984126984125,136.63095238095238,4.738095238095238,228.22222222222223
Crestview,45690.458333333336,2168823.9895833335,2016.5,2168823995.6666665,44000.0,216882442958.33334,90034.33333333333,64.20833333333333,4.604166666666667,2.6041666666666665,117.8125,52.864583333333336,44000.0,216882442958.33334,226446.3837189511,2064.924075142363,103003.48958333333,1546.1458333333333,2877.6979166666665,7710854.971669517,11408.182872637413,4051.9895833333335,611.21875,3440.7708333333335,3203.0208333333335,2329.03125,465.5520833333333,7.666666666666667,327.1979166666667
Harbor Pines,59401.307692307695,2933061.487179487,1496.4358974358975,2933061496.4358974,44000.0,293306192717.9487,90710.35897435897,79.0,8.0,4.0,65.92307692307692,25.76923076923077,44000.0,293306192717.9487,169879.40947625382,1869.4130072088487,101500.0,810.0,4314.0,6577544.68457031,11134.2539591579,2571.0,1054.0,1517.0,1411.0,955.0,112.0,2.0,324.0
South Carthay,43942.30303030303,2166371.772727273,2230.939393939394,2166371776.3939395,44000.0,216637221272.72726,90038.12121212122,54.45454545454545,4.409090909090909,2.409090909090909,157.1969696969697,80.77272727272727,44000.0,216637221272.72726,225189.29417630928,2092.2104408120576,100269.5,1445.590909090909,2796.9545454545455,6168430.246892759,9923.370481458016,3534.5,508.59090909090907,3025.909090909091,2813.0,2234.0,215.0,7.090909090909091,281.59090909090907
Sycamore Square,31787.875,2162014.75,1004.125,2162014754.125,44000.0,216201519000.0,90029.625,34.0,4.0,2.0,83.875,41.0,44000.0,216201519000.0,228877.27058724608,2021.75099928753,98139.125,1403.5,2791.375,5091896.318115235,10114.786269025688,2752.375,370.875,2381.5,2213.5,1316.5,376.0,2.375,478.375
Carthay,42969.43971631206,2147914.04964539,1856.163120567376,2147914054.744681,44000.0,214791448964.539,90051.44680851063,34.0,4.0,3.0,99.8581560283688,60.815602836879435,44000.0,214791448964.539,196300.9951354041,1928.644722218044,97434.22695035461,1324.6950354609928,2784.1843971631206,5214724.118863586,9305.571957482178,2502.659574468085,241.1631205673759,2261.496453900709,2135.8652482269504,1790.4468085106382,99.63829787234043,4.397163120567376,221.40425531914894
Mar Vista,56507.67042253521,2717545.4112676056,2233.5774647887324,2717545416.6760564,44000.0,271754585126.76056,90067.42535211268,84.0,5.0,2.9971830985915493,111.48169014084507,52.098591549295776,44000.0,271754585126.76056,276251.5723502967,2396.148848719999,95664.59154929577,1651.2028169014084,3990.8929577464787,10030430.953177264,13655.099509790654,3739.3549295774646,803.025352112676,2936.3295774647886,2703.5859154929576,1993.881690140845,94.52957746478873,6.188732394366197,576.6281690140845
Eagle Rock,42759.737430167595,1818968.3631284917,2085.5335195530724,1818968370.4497206,44000.0,181896880312.84915,90072.03631284916,47.0,4.0,1.0335195530726258,101.3659217877095,37.08100558659218,44000.0,181896880312.84915,360141.1064418149,2656.292451831767,95605.52793296089,1567.2067039106146,4299.480446927374,19635333.67993846,21072.600961043718,4218.958100558659,1447.3687150837989,2771.58938547486,2572.0027932960893,1493.1759776536312,69.43296089385476,10.575418994413408,968.8351955307263
Rancho Park,48419.945054945056,2694651.4945054944,2050.6043956043954,2694651501.1538463,44000.0,269465193450.54944,90064.0,84.0,5.0,3.0,73.21978021978022,37.42857142857143,44000.0,269465193450.54944,257968.2882160819,2322.4646405653366,95062.37362637362,1206.3846153846155,3907.5164835164837,10483093.961055528,14477.091237396133,2911.6373626373625,424.3296703296703,2487.3076923076924,2282.3296703296705,1592.010989010989,75.24175824175825,1.5384615384615385,588.6263736263736
Silverlake,41871.53296703297,1940305.6483516484,2082.618131868132,1940305654.0467033,44000.0,194030608835.16483,90029.05769230769,9.0,4.0,1.0,112.99175824175825,55.637362637362635,44000.0,194030608835.16483,291456.0193734862,2612.157218218566,94984.34065934065,1736.2252747252746,4689.936813186813,10535998.574994093,15403.84880725273,3732.2912087912086,947.0439560439561,2785.247252747253,2588.5824175824177,1914.5192307692307,100.6978021978022,4.5576923076923075,539.8818681318681
Westwood,41125.470588235294,2678888.2733564014,1462.273356401384,2678888278.882353,44000.0,267888871335.64014,90029.64359861592,84.0,5.0,3.0,198.04152249134947,75.88581314878893,44000.0,267888871335.64014,367970.3242381294,2518.4121200739587,94822.33333333333,1037.98615916955,3812.4809688581313,7964074.555819503,11921.331424004544,3109.065743944637,353.34602076124565,2755.719723183391,2629.5951557093426,1742.7612456747404,105.43598615916954,7.1280276816609,748.1038062283737
West Los Angeles,51565.44814814815,2674525.037037037,1858.7259259259258,2674525043.911111,44000.0,267452547703.7037,90031.5,84.0,5.0,3.0,139.3,76.41481481481482,44000.0,267452547703.7037,220454.28872736014,2048.8539055004153,94329.75925925926,1537.7888888888888,3828.1111111111113,6936979.487047886,10373.361452438652,3197.5296296296297,540.8592592592593,2656.67037037037,2468.0481481481484,1608.7851851851851,86.22592592592592,3.7,743.5666666666667
Sunland,34952.6174863388,1031502.8579234972,2045.8469945355191,1031502865.5191257,44000.0,103150329792.34973,91078.54644808744,19.0,2.0,5.0,113.48633879781421,42.79234972677595,44000.0,103150329792.34973,1006473.5096217116,3616.64017381916,93916.90710382514,1302.5792349726776,2749.617486338798,28385825.740933456,23605.333327183183,3796.311475409836,1042.8251366120219,2753.4863387978144,2612.2295081967213,2249.0109289617485,59.78142076502732,7.26775956284153,276.62841530054646
Shadow Hills,36358.60526315789,1093903.2631578948,1690.0526315789473,1093903269.0,44000.0,109390370315.78947,91179.57894736843,19.0,2.0,5.0,122.34210526315789,44.31578947368421,44000.0,109390370315.78947,2241766.8082825053,6029.513972025008,92399.55263157895,1098.2105263157894,2981.2368421052633,71217007.1592311,37151.952469641124,3574.2894736842104,1058.7631578947369,2515.5263157894738,2417.3684210526317,2125.2105263157896,52.31578947368421,5.0,205.28947368421052
Miracle Mile,45356.70303030303,2160130.2,1481.0121212121212,2160130208.2848487,44000.0,216013064000.0,90033.24848484849,34.0,4.0,2.0,104.6969696969697,62.64848484848485,44000.0,216013064000.0,201559.15264278292,1970.3939038903386,89778.23484848485,1330.7030303030303,2791.6060606060605,5771907.896869082,10551.167032324905,2650.090909090909,363.95151515151514,2286.139393939394,2119.9030303030304,1394.8424242424242,301.9878787878788,1.8909090909090909,393.75757575757575
Reynier Village,52710.444444444445,2697002.5,2504.0555555555557,2697002504.0555553,44000.0,269700294000.0,90034.0,84.0,5.0,3.0,111.80555555555556,47.52777777777778,44000.0,269700294000.0,268380.2891566605,2431.895726941045,88214.0,1528.0,3970.0,9754783.43945313,14608.4880263672,4025.0,1379.0,2646.0,2446.0,1636.0,348.0,1.0,423.0
Palms,54348.3064516129,2708901.7473118277,1535.6505376344087,2708901750.704301,44000.0,270890218731.1828,90057.47311827957,84.0,5.0,3.0,226.70430107526883,114.8010752688172,44000.0,270890218731.1828,275423.8978757245,2454.651325119653,87446.13978494624,1442.4354838709678,3983.2903225806454,4228694.944619456,9748.829187493331,2938.2741935483873,619.8118279569892,2318.462365591398,2155.8763440860216,1263.8387096774193,169.40860215053763,3.317204301075269,685.9731182795699
North Hills,42835.02909090909,1156328.2945454544,1826.8472727272726,1156328299.5745454,44000.0,115632873454.54546,91343.47272727273,80.24,2.0,3.0,211.16,61.876363636363635,44000.0,115632873454.54546,530579.169980688,3377.5494631766555,87188.12363636364,1185.1927272727273,3215.5963636363635,13048377.572808957,14629.831094840607,3971.349090909091,2051.1345454545453,1920.2145454545455,1815.389090909091,947.0909090909091,154.39272727272729,4.323636363636363,677.1527272727272
Arleta,39586.97607655502,1193084.899521531,1985.8564593301435,1193084904.5167465,44000.0,119308533952.1531,91331.67942583733,19.0,2.0,3.0,150.55023923444975,35.95693779904306,44000.0,119308533952.1531,381815.5614056201,3031.380944235745,86941.68899521531,957.5263157894736,3324.2057416267944,10037112.272596447,14113.805638285887,3892.622009569378,3068.4784688995214,824.1435406698564,786.7846889952153,347.08133971291863,33.27272727272727,6.483253588516747,382.9377990430622
View Heights,53134.354166666664,2351003.1041666665,3111.8125,2351003111.8125,44000.0,235100354416.66666,90043.27083333333,75.0,6.0,2.0,72.08333333333333,28.708333333333332,44000.0,235100354416.66666,199841.0063611579,1947.86765300987,86700.0,1747.0,3314.0,12641574.4384766,17923.8164136641,4690.0,1001.0,3689.0,3396.0,489.0,2721.0,5.0,135.0
Toluca Lake,36876.96590909091,1543375.9431818181,1631.4772727272727,1543375949.659091,44000.0,154337638318.18182,91602.04545454546,19.0,2.0,5.0,100.54545454545455,54.81818181818182,44000.0,154337638318.18182,324895.89938058663,2462.883384230273,85063.02325581395,1352.1931818181818,3991.4204545454545,9432110.264981357,13248.25590650545,2612.693181818182,430.4886363636364,2182.2045454545455,2041.1136363636363,1691.6477272727273,143.375,4.125,183.0340909090909
Sylmar,41170.73156899811,1067742.4631379962,1790.0283553875236,1067742470.5576559,44000.0,106774290313.79962,91341.76181474481,62.0,2.0,3.0,154.83931947069942,41.99810964083176,44000.0,106774290313.79962,624029.1033219624,3451.23386660907,84634.43100189036,1275.9470699432893,2924.862003780718,23948631.797360532,23701.233576703657,4984.470699432893,3818.998109640832,1165.4725897920605,1095.7410207939508,634.7164461247637,131.86389413988658,11.323251417769375,290.71455576559543
Del Rey,54421.89090909091,2752924.35,1947.0363636363636,2752924356.1272726,44000.0,275292479000.0,90146.66363636364,84.0,5.0,2.0,133.00454545454545,62.57727272727273,44000.0,275292479000.0,296625.7674662223,2540.106967020104,84599.34545454546,1735.290909090909,4149.613636363636,8788732.633749105,13336.132762875173,3950.681818181818,1434.1909090909091,2516.490909090909,2310.3045454545454,1539.1136363636363,180.75454545454545,6.131818181818182,546.209090909091
Lakeview Terrace,43980.663265306124,2196333.6326530613,1498.3469387755101,2196333641.2040815,44000.0,219633407265.30612,91322.83673469388,19.06122448979592,2.010204081632653,5.0,130.5612244897959,37.3469387755102,44000.0,219633407265.30612,1699394.095962143,5356.5986698845045,84517.05813953489,843.7755102040817,3026.8571428571427,202081456.23757336,41535.83771251712,3173.9897959183672,1930.4285714285713,1243.561224489796,1176.2857142857142,685.765306122449,267.2040816326531,2.0306122448979593,190.57142857142858
Mt. Washington,38711.20100502513,1882513.8442211056,1689.5075376884422,1882513850.3115578,44000.0,188251428422.11057,90056.25125628141,47.0,4.0,1.0,107.15577889447236,39.50251256281407,44000.0,188251428422.11057,330680.5958202838,2970.9037879976695,84444.24623115578,1222.4170854271356,4513.688442211055,9728460.877252473,16686.306638705024,3269.190954773869,1986.9597989949748,1282.2311557788944,1170.1356783919598,733.1105527638191,57.38693467336683,6.080402010050252,357.96984924623115
Northridge,37995.44396551724,1161637.7370689656,1924.4418103448277,1161637743.4073277,44000.0,116163817706.89655,91326.2198275862,83.72413793103448,2.0,3.0,147.13362068965517,53.17672413793103,44000.0,116163817706.89655,576869.8787586424,3360.539481946177,84149.25607064017,1527.7262931034484,3265.1530172413795,19194189.980729733,19453.37434479249,4317.836206896552,1518.8512931034484,2798.9849137931033,2640.637931034483,1622.907327586207,232.62284482758622,5.349137931034483,739.3060344827586
Hollywood,45257.07344632768,1911694.3446327683,1693.322033898305,1911694348.6892655,44000.0,191169478463.27682,90038.56214689265,34.0,4.0,2.9887005649717513,184.9406779661017,112.60169491525424,44000.0,191169478463.27682,349997.025724513,2631.1712536819846,83914.68926553673,1485.4943502824858,4609.169491525424,8450705.824102892,12148.826498673543,3078.536723163842,893.6497175141243,2184.8870056497176,2037.0169491525423,1570.2796610169491,195.01694915254237,5.641242937853107,229.3502824858757
Echo Park,38644.044642857145,1974038.5714285714,1970.7857142857142,1974038577.9285715,44000.0,197403901142.85715,90027.85714285714,9.0,4.0,1.0,118.49107142857143,55.339285714285715,44000.0,197403901142.85715,247820.17952080021,2270.5570644105906,83616.82142857143,1699.580357142857,4743.410714285715,9339249.975777749,14036.961412104085,3641.875,1513.4464285714287,2128.4285714285716,1968.8660714285713,1474.375,80.64285714285714,9.089285714285714,376.0625
Valley Village,39404.514851485146,1277323.3564356435,1927.2673267326732,1277323362.910891,44000.0,127732379643.56436,91605.13861386139,19.0,2.0,5.0,123.12376237623762,60.504950495049506,44000.0,127732379643.56436,282316.3344065685,2373.789203787003,82799.4900990099,1681.7673267326732,3709.2871287128714,9542465.162573487,13055.863705999647,3659.7128712871286,752.2970297029703,2907.4158415841584,2707.3960396039606,2228.4455445544554,202.47029702970298,6.202970297029703,238.01980198019803
Glassell Park,42714.706422018346,1862554.5825688073,1927.6743119266055,1862554588.2247705,44000.0,186255502256.88074,90062.1880733945,47.0,4.0,1.0,129.11009174311926,48.54128440366973,44000.0,186255502256.88074,388874.04899769457,2972.805657543575,82327.9495412844,1331.394495412844,4455.5,10910808.335785199,15842.881752195679,3593.233944954128,1665.7477064220184,1927.48623853211,1793.7293577981652,948.0091743119266,60.65596330275229,6.495412844036697,753.5137614678899
Park La Brea,47992.775,2145027.15,1902.05,2145027152.05,44000.0,214502759000.0,90036.0,34.0,4.0,2.0,307.175,160.25,44000.0,214502759000.0,333213.8563779682,2260.857912865279,81743.875,1403.825,2778.95,4594105.342114259,9729.862696232072,3166.075,354.6,2811.475,2638.85,1475.325,184.625,5.225,943.025
Atwater Village,41295.985185185185,1884388.0,1860.0,1884388008.148148,44000.0,188438844000.0,90040.34814814814,9.133333333333333,3.9851851851851854,1.0,106.92592592592592,45.666666666666664,44000.0,188438844000.0,480253.8613547129,3006.434514328395,79624.04444444444,1528.0740740740741,4464.074074074074,16090836.43161892,22658.3123985311,3617.385185185185,1544.8,2072.5851851851853,1944.037037037037,1177.0962962962963,57.096296296296295,7.274074074074074,683.5703703703704
Melrose,43541.440154440155,1948452.5231660232,1853.0579150579151,1948452528.7335908,44000.0,194845296316.60233,90031.97876447876,34.0,4.0,3.0,137.3127413127413,66.2876447876448,44000.0,194845296316.60233,241229.27320832945,2069.2926504556176,79523.46911196911,1459.523166023166,4469.1138996139,6474992.102450458,11036.163322130707,3177.5752895752894,929.7857142857143,2247.789575289575,2117.0675675675675,1564.2065637065637,120.6988416988417,4.281853281853282,392.57142857142856
San Pedro,51982.99330655957,3477531.499330656,1828.6024096385543,3477531507.317269,44000.0,347753193933.0656,90727.08807588076,31.0,8.0,4.0,100.82195448460509,40.73761713520749,44000.0,347753193933.0656,710339.7386090866,3195.6743421780316,78401.20375722543,1301.5220883534137,4359.214190093709,28994574.045576807,18908.17186381108,3384.4350736278448,1613.372155287818,1771.0629183400267,1634.3038821954485,1136.5220883534137,236.12449799196787,12.839357429718875,208.63721552878178
Angelino Heights,57960.25,1976001.35,1354.95,1976001354.95,44000.0,197600179000.0,90020.4,9.0,4.0,1.0,121.55,56.4,44000.0,197600179000.0,208979.60921797736,2244.0833807343915,77308.0,850.0,4746.0,4213783.37890625,10380.064741681,2431.0,1127.0,1304.0,1219.0,800.0,58.0,5.0,344.0
Lake Balboa,43948.05818181818,1306778.8436363637,2085.3927272727274,1306778849.029091,44000.0,130677928363.63637,91404.52727272727,86.0,2.0,3.0,143.6909090909091,50.52,44000.0,130677928363.63637,386300.7935873225,2845.3962673325623,76643.01454545454,1424.9054545454546,3863.9636363636364,13439177.66200993,16364.207686610449,4069.501818181818,2096.243636363636,1973.2581818181818,1840.1163636363635,1281.4836363636364,163.6290909090909,3.9745454545454546,359.2836363636364
Winnetka,39064.65993265993,1280965.7306397306,1594.7441077441079,1280965736.1582491,44000.0,128096617063.97307,91306.97306397307,86.0,2.0,3.0,166.44107744107745,52.47811447811448,44000.0,128096617063.97307,470399.8676841697,3289.9281761172524,76119.49158249158,1207.4478114478115,3736.107744107744,11346777.10211819,14542.351390309068,3838.343434343434,1907.9562289562289,1930.3872053872053,1812.8383838383838,937.2020202020202,159.76094276094275,6.579124579124579,681.6026936026936
Mission Hills,41220.648888888885,1094599.3777777778,2050.9777777777776,1094599384.3111112,44000.0,109459981777.77777,91343.83111111111,62.0,2.0,3.0,103.70222222222222,29.42222222222222,44000.0,109459981777.77777,459837.4012660394,2960.518059428483,75497.26222222223,1101.8622222222223,3070.9555555555557,17712256.723576408,19231.57826030549,3981.0533333333333,2950.44,1030.6133333333332,974.9155555555556,534.2355555555556,91.94666666666667,12.555555555555555,318.9288888888889
Mid-City,45894.81954887218,2170575.3834586465,2004.5864661654136,2170575388.0451126,44000.0,217057582345.86465,90019.0,34.0,4.0,2.0,109.44360902255639,50.29323308270677,44000.0,217057582345.86465,235626.20994897964,2108.5644554355313,75048.21052631579,1370.3233082706768,2897.4586466165415,7163607.297073252,11931.360646897967,3111.0827067669175,966.187969924812,2144.8947368421054,1951.0075187969924,975.7669172932331,696.5714285714286,4.165413533834586,240.97744360902254
Reseda Ranch,42631.65789473684,1316002.2105263157,2216.4210526315787,1316002216.4210527,44000.0,131600265052.63158,91334.42105263157,86.0,2.0,3.0,115.26315789473684,32.76315789473684,44000.0,131600265052.63158,527878.3684508236,3264.6171301061554,74868.0,1370.0,3793.0,23559471.7626953,19403.9129128434,5366.0,3022.0,2344.0,2217.0,1327.0,141.0,10.0,711.0
Harbor City,53824.72321428572,3582279.5803571427,1508.4330357142858,3582279588.790179,44000.0,358228002035.7143,90711.96428571429,55.857142857142854,8.0,4.0,127.50446428571429,46.892857142857146,44000.0,358228002035.7143,569374.5047785258,3006.4435728874146,73762.33928571429,1437.2455357142858,4313.651785714285,15205645.504773838,16873.137173061994,3970.089285714286,1728.924107142857,2241.1651785714284,2088.879464285714,917.1116071428571,387.91964285714283,3.638392857142857,731.9866071428571
Lafayette Square,53033.25925925926,2182201.814814815,1819.7407407407406,2182201819.740741,44000.0,218220225481.48148,90018.88888888889,34.0,4.0,2.0,152.7037037037037,58.148148148148145,44000.0,218220225481.48148,268208.949750022,2384.651314561816,73455.0,1442.0,2938.0,7202036.96289063,11673.2442683019,4123.0,2125.0,1998.0,1840.0,557.0,945.0,1.0,299.0
Highland Park,41293.67080745342,1843945.149068323,1677.0993788819876,1843945155.3602486,44000.0,184394558906.8323,90060.4099378882,47.0,4.0,1.049689440993789,133.82919254658384,51.94409937888199,44000.0,184394558906.8323,262428.3961791465,2323.4601143570135,72786.21428571429,1227.2981366459628,4257.872670807454,6912751.429359958,13502.183191212307,3345.4844720496894,2072.223602484472,1273.2608695652175,1175.8726708074535,688.2049689440994,74.15217391304348,9.282608695652174,380.6894409937888
Toluca Woods,47807.862068965514,1256001.5172413792,1524.0,1256001524.0,44000.0,125600195724.13792,91601.31034482758,19.0,2.0,5.0,60.6551724137931,29.275862068965516,44000.0,125600195724.13792,247289.30127663235,1941.887920223808,72096.0,1277.0,3616.0,10980245.7158203,14762.5143602444,2599.0,398.0,2201.0,2094.0,1828.0,99.0,4.0,143.0
Tujunga,39198.12807881773,1013072.724137931,1794.1773399014778,1013072730.137931,44000.0,101307316413.7931,91054.83743842365,19.0,2.0,5.0,134.78817733990147,51.3448275862069,44000.0,101307316413.7931,757808.561207373,3532.2272513866073,71793.14778325123,1388.6354679802955,2739.669950738916,29573690.164519515,25574.96323290688,3990.7093596059112,833.3300492610838,3157.3793103448274,3017.384236453202,2601.84236453202,41.25615763546798,5.443349753694581,347.0541871921182
Reseda,40737.16096579477,1321068.9698189134,1632.0342052313883,1321068976.0985916,44000.0,132106940981.89134,91334.17102615694,86.0,2.0,3.0,149.79476861167,48.971830985915496,44000.0,132106940981.89134,347504.68173730996,2688.262768729313,68905.11267605633,1230.9154929577464,3872.5714285714284,9628164.696410881,13004.273848703835,3887.1509054325957,1978.5734406438633,1908.5774647887324,1785.5935613682093,1122.5613682092555,149.3420523138833,6.340040241448692,481.06036217303824
Regent Square,44791.11538461538,2702002.5,2506.0,2702002506.0,44000.0,270200294000.0,90034.0,84.0,5.0,3.0,96.0,36.23076923076923,44000.0,270200294000.0,216970.66035395718,2303.4654331701,68651.0,1309.0,3980.0,8055280.75195313,14099.7626536214,3487.0,1760.0,1727.0,1588.0,920.0,260.0,1.0,357.0
Country Club Park,40274.33707865168,2127473.438202247,1758.2359550561798,2127473443.6292136,44000.0,212747387820.22473,90014.87640449438,34.0,4.0,2.0,157.48314606741573,61.51685393258427,44000.0,212747387820.22473,302973.7168830053,2436.774719140748,67968.50561797753,1341.112359550562,2765.2808988764045,7852120.27553327,11974.957827690083,3586.8651685393256,1102.685393258427,2484.179775280899,2348.123595505618,626.4943820224719,273.9887640449438,7.49438202247191,1421.685393258427
Harbor Gateway,49206.264462809915,2917862.228650138,1658.030303030303,2917862236.5427,44000.0,291786266865.0138,90318.03305785124,53.54545454545455,8.0,2.0,113.2038567493113,36.451790633608816,44000.0,291786266865.0138,386850.40381178574,2719.137750601786,67342.12947658403,1095.5702479338843,4176.823691460055,13841254.380458532,16648.366080992433,3510.5454545454545,1936.4490358126723,1574.0964187327825,1471.5151515151515,243.0909090909091,571.228650137741,4.84573002754821,613.801652892562
Elysian Valley,41724.22580645161,1931727.6236559139,1394.7096774193549,1931727631.2688172,44000.0,193172806365.5914,90041.44086021505,20.849462365591396,4.0,1.0,95.2258064516129,34.74193548387097,44000.0,193172806365.5914,288385.9666690222,2673.0636703760542,67313.51612903226,1205.4408602150538,4634.569892473119,9901652.091208825,15480.688032142114,3157.2795698924733,1742.1612903225807,1415.1182795698924,1319.8709677419354,663.2688172043011,39.58064516129032,6.387096774193548,595.6989247311828
Gramercy Place,55399.11034482758,2381768.5172413792,3007.1103448275862,2381768524.351724,44000.0,238176895724.13794,90046.7724137931,75.0,6.0,2.0,73.1103448275862,27.44137931034483,44000.0,238176895724.13794,220119.4652580814,1942.196088549681,66592.55862068966,2152.441379310345,3469.206896551724,16184960.782233287,18825.933047347815,5378.875862068966,1397.8344827586207,3981.041379310345,3789.041379310345,101.02758620689656,3577.848275862069,13.144827586206896,40.351724137931036
Canoga Park,41133.87804878049,1307503.0426829269,1858.5762195121952,1307503047.6006098,44000.0,130750348268.29268,91304.89024390244,86.0,2.0,3.0,190.9359756097561,67.9969512195122,44000.0,130750348268.29268,391160.6606676285,2847.073066050482,66381.51219512195,1413.658536585366,3826.576219512195,9949681.465558313,13017.304539756333,4079.951219512195,2213.362804878049,1866.5884146341464,1735.9756097560976,986.484756097561,163.9908536585366,5.335365853658536,548.8536585365854
Sun Valley,41500.27251732101,1334054.6027713625,1746.5173210161663,1334054610.2586606,44000.0,133405504277.13626,91379.52424942263,19.0,2.0,3.8498845265588915,117.56120092378752,32.59353348729792,44000.0,133405504277.13626,885892.4701821221,3689.870273455751,65545.58823529411,967.7990762124712,3301.540415704388,29281458.196963426,22787.805063458753,3633.4803695150117,2241.2771362586604,1392.203233256351,1335.013856812933,992.5034642032333,57.85912240184758,4.956120092378753,253.66281755196306
University Hills,44386.967741935485,2017001.8387096773,1846.1612903225807,2017001846.1612904,44000.0,201700227870.96774,90032.0,47.0,4.0,1.0,106.93548387096774,26.70967741935484,44000.0,201700227870.96774,424062.4078883536,3286.5076372104313,64844.0,1469.0,2363.0,18289606.4267578,20636.5668319081,5055.0,3267.0,1788.0,1648.0,524.0,359.0,10.0,717.0
Downtown,45652.15862068965,2130829.172413793,1186.8689655172413,2130829186.8689656,44000.0,213082961241.3793,90017.23793103448,9.0,4.0,1.0,141.04827586206898,102.01034482758621,44000.0,213082961241.3793,199972.78036451674,1830.645477877383,63186.879310344826,1598.4344827586208,2701.6620689655174,7438958.608452315,11771.430600409485,3602.8310344827587,1113.3896551724138,2489.441379310345,2338.255172413793,973.7931034482758,479.2068965517241,8.020689655172413,841.5275862068966
Panorama City,40303.46,1199886.424,1868.152,1199886428.152,44000.0,119988686400.0,91400.58,78.496,2.0,3.0,278.988,78.444,44000.0,119988686400.0,422170.77492407203,3063.588446346637,62133.204,1299.692,3398.944,9579896.184097664,13958.987409560576,4576.452,2850.656,1725.796,1668.452,683.14,102.76,6.644,847.576
Vermont Square,54948.37704918033,2322543.049180328,2070.3278688524592,2322543053.9344263,44000.0,232254348918.03278,90045.19672131147,75.0,6.0,2.0,124.26229508196721,33.704918032786885,44000.0,232254348918.03278,203230.60993929778,1871.424242463292,62026.24590163935,1046.983606557377,3292.5409836065573,6244916.567302768,11236.228964444488,3838.032786885246,2618.1803278688526,1219.8524590163934,1134.049180327869,93.0,959.8688524590164,4.590163934426229,46.01639344262295
Pacoima,41309.7545691906,1044321.3054830288,1675.4281984334204,1044321309.8929504,44000.0,104432174548.30287,91332.06788511749,19.0,2.0,3.0,188.13577023498695,44.190600522193215,44000.0,104432174548.30287,431091.9884747664,2886.367264836842,61761.913838120105,844.0156657963446,2880.7911227154045,8996335.841620939,13762.110198478487,3737.140992167102,3340.498694516971,396.64229765013056,370.62924281984334,124.54308093994779,128.92689295039165,5.1122715404699735,97.7154046997389
El Sereno,39305.34965034965,2013985.160839161,1740.4405594405594,2013985167.013986,44000.0,201398560083.91608,90032.32517482518,47.0,4.0,1.0,133.36013986013987,42.72377622377623,44000.0,201398560083.91608,381572.1555735109,2669.1855772833014,61111.832167832166,1112.402097902098,2356.8321678321677,10479705.657988003,14975.367954647003,3531.5174825174827,2733.713286713287,797.8041958041958,751.8216783216783,258.5034965034965,71.25524475524476,11.325174825174825,394.23426573426576
Faircrest Heights,56776.357142857145,2702840.6964285714,1420.8035714285713,2702840706.517857,44000.0,270284113642.85715,90027.51785714286,42.035714285714285,4.160714285714286,2.0,65.03571428571429,25.732142857142858,44000.0,270284113642.85715,233855.0308876761,2238.6803613329203,60825.5,1200.732142857143,3980.839285714286,10126101.543701172,13709.80218916418,2785.3571428571427,933.3035714285714,1852.0535714285713,1707.1785714285713,758.0178571428571,615.0178571428571,3.517857142857143,300.76785714285717
Longwood,50638.565217391304,2187914.9565217393,1915.608695652174,2187914959.0869565,44000.0,218791539652.17392,90016.0,75.0,6.0,2.0,166.82608695652175,64.43478260869566,44000.0,218791539652.17392,285765.172037426,2673.4503529081476,60795.04347826087,1167.7391304347825,2943.5652173913045,5825893.527471121,10231.875257044872,3057.5652173913045,1711.0,1346.5652173913043,1225.3478260869565,334.5652173913044,707.7391304347826,6.0,145.3913043478261
North Hollywood,37691.504405286345,1243079.1497797356,1721.7004405286343,1243079155.6211455,44000.0,124307958977.97357,91601.4306167401,19.959251101321588,2.0,3.8876651982378854,156.4306167400881,60.886563876651984,44000.0,124307958977.97357,347053.95383388095,2640.9709992421444,60566.890969162996,1380.1112334801762,3565.8017621145373,10043101.54651793,13506.24565235484,3822.1178414096917,1766.4030837004404,2055.714757709251,1941.7202643171806,1427.5814977973569,185.54845814977975,5.936123348017621,295.942731277533
Crenshaw District,59315.8,2237402.1714285715,2176.9,2237402176.9,44000.0,223740261142.85715,90015.68571428572,75.0,6.0,2.0,95.85,39.44285714285714,44000.0,223740261142.85715,235583.3582427761,2183.406569994246,60373.22857142857,1507.9285714285713,3050.25,8811142.086551331,12127.926637941904,3662.8214285714284,1515.357142857143,2147.464285714286,2004.1571428571428,352.0357142857143,1388.5928571428572,6.757142857142857,214.42857142857142
Valley Glen,41698.926380368095,1253552.54601227,1875.4601226993866,1253552550.3067484,44000.0,125355298601.22699,91423.95705521472,86.0,2.0,3.0,174.56441717791412,66.22085889570552,44000.0,125355298601.22699,401189.03612019797,2824.8321234852683,58896.89570552147,1430.9141104294479,3653.3803680981596,10141555.98556725,14054.84839913562,3919.472392638037,1503.515337423313,2415.957055214724,2295.079754601227,1904.0552147239264,140.61963190184048,5.711656441717792,214.2638036809816
Cadillac-Corning,47480.12,2696017.04,1842.2,2696017042.2,44000.0,269601748000.0,90034.28,84.0,5.0,3.0,243.44,90.2,44000.0,269601748000.0,268772.03962538665,2189.7286292949384,57836.12,1052.48,3968.52,3350320.0181250023,7436.590513147059,3039.84,1733.6,1306.24,1185.8,673.4,328.6,2.04,169.44
Wholesale District,50713.94975688817,2114675.0437601297,1292.6628849270664,2114675069.0,44000.0,211467548376.01297,90021.98541329011,13.372771474878444,4.0,1.0,64.77957860615884,22.33711507293355,44000.0,211467548376.01297,283710.9042833188,2424.252492055516,57649.53322528363,989.646677471637,2634.7649918962725,20864842.671227645,20407.15561242114,3056.729335494327,1439.2949756888167,1617.4343598055104,1529.4408427876824,664.3954619124797,418.8897893030794,15.823338735818476,402.2479740680713
Cloverdale/Cochran,55104.5,2184572.470588235,2671.0588235294117,2184572474.980392,44000.0,218457291058.82352,90017.29411764706,53.294117647058826,4.9411764705882355,2.0,130.26470588235293,49.1078431372549,44000.0,218457291058.82352,236430.64032271347,2413.2103603425217,57366.705882352944,1765.8431372549019,2940.5098039215686,8242407.613817403,14693.440974209483,4446.0,2371.4313725490197,2074.5686274509803,1906.3921568627452,570.8627450980392,1030.2745098039215,13.098039215686274,234.09803921568627
Leimert Park,54214.61235955056,2342730.2528089886,1832.6741573033707,2342730259.6404495,44000.0,234273069280.89886,90021.46067415731,75.0,6.0,2.0,88.91573033707866,37.01685393258427,44000.0,234273069280.89886,206138.17354550902,2107.3337006163883,57318.12359550562,1049.370786516854,3305.2078651685392,6152165.3838274665,11981.016886301833,2622.8370786516853,801.0449438202247,1821.7921348314608,1697.9606741573034,141.3932584269663,1462.7022471910113,4.106741573033708,64.73033707865169
Temple-Beaudry,42768.11299435028,2026959.802259887,1614.6327683615818,2026959806.7231638,44000.0,202696024225.9887,90031.20338983051,9.0,4.0,1.0,196.14689265536722,80.40677966101696,44000.0,202696024225.9887,218387.10910823665,2070.951688373461,57073.497175141245,1291.553672316384,3500.638418079096,4007988.9585374747,8701.059946353987,3196.491525423729,1823.4011299435028,1373.0903954802259,1294.045197740113,532.8700564971751,155.92655367231637,7.72316384180791,578.7853107344632
Jefferson Park,55526.80434782609,2190158.304347826,1786.7391304347825,2190158308.478261,44000.0,219015874434.78262,90018.0,75.0,6.0,2.0,159.54347826086956,50.97826086956522,44000.0,219015874434.78262,273157.77547365567,2321.48161443714,56614.391304347824,1226.0,2947.5652173913045,6480250.15569803,10428.239949233704,3789.5652173913045,2438.9565217391305,1350.608695652174,1212.9565217391305,272.95652173913044,739.0869565217391,3.9565217391304346,156.56521739130434
Lincoln Heights,42455.0125,1992905.1416666666,1611.2708333333333,1992905152.9375,44000.0,199290558166.66666,90033.64166666666,47.0,4.0,1.0,122.30833333333334,40.59583333333333,44000.0,199290558166.66666,379415.0554647068,2616.2884166136223,55671.566666666666,968.9541666666667,4150.225,10613339.333203118,16016.963135267002,2946.9333333333334,1960.2541666666666,986.6791666666667,938.5583333333333,265.3,69.97916666666667,8.266666666666667,582.675
Exposition,50550.0625,2197002.375,2383.625,2197002383.625,44000.0,219700281500.0,90016.0,75.0,6.0,2.0,99.03125,32.9375,44000.0,219700281500.0,306938.65900200617,2347.9556775727256,55214.0,1328.0,2951.0,11747848.2207031,16573.5447508417,4186.0,2623.0,1563.0,1417.0,380.0,887.0,6.0,114.0
Adams-Normandie,66232.27083333333,2221501.6875,1692.1041666666667,2221501692.1041665,44000.0,222150212750.0,90013.64583333333,75.0,6.0,2.0,158.125,52.395833333333336,44000.0,222150212750.0,215458.52996886082,1957.2089820151202,54759.0,1234.5,3104.5,5169612.641601565,10509.7324363191,3795.0,2473.5,1321.5,1202.5,244.0,715.5,3.0,212.0
Baldwin Hills,53964.25657894737,2463618.9802631577,1813.9276315789473,2463618984.980263,44000.0,246361942026.3158,90013.47368421052,75.17763157894737,5.980263157894737,2.0,198.0,90.14473684210526,44000.0,246361942026.3158,476749.14116083656,3327.0611383252894,54689.753333333334,1586.092105263158,3327.2697368421054,12091219.28069747,17069.674314438485,3407.8618421052633,732.6052631578947,2675.2565789473683,2483.0723684210525,440.9078947368421,1781.625,5.815789473684211,215.8684210526316
Historic Filipinotown,46406.63333333333,2059090.2777777778,1615.4444444444443,2059090282.1111112,44000.0,205909071777.77777,90025.51111111112,9.0,4.0,1.0,133.3,49.84444444444444,44000.0,205909071777.77777,185398.95204762294,1968.7818330644918,53772.76666666667,1371.7666666666667,2952.811111111111,4036530.663053387,8810.95690471008,3495.133333333333,1968.3222222222223,1526.8111111111111,1453.4777777777779,393.25555555555553,206.27777777777777,3.888888888888889,829.3333333333334
Toluca Terrace,49392.666666666664,1253101.0,1002.5,1253101002.5,44000.0,125310144000.0,91585.0,19.0,2.0,5.0,226.33333333333334,94.5,44000.0,125310144000.0,405572.25924015325,2674.0337921203486,53769.0,1893.0,3608.0,11345426.9970703,19246.4454252291,4941.0,1818.0,3123.0,2869.0,1913.0,556.0,10.0,331.0
Hyde Park,55827.503703703704,2348771.111111111,2266.0666666666666,2348771117.9185185,44000.0,234877155111.1111,90043.22962962963,75.0,6.0,2.0,107.9,39.007407407407406,44000.0,234877155111.1111,210008.99121506035,1981.671148542389,53473.35925925926,1466.3370370370371,3311.9703703703703,9393862.212471077,13701.783710417856,4243.085185185185,1657.5925925925926,2585.4925925925927,2390.4592592592594,173.8148148148148,2097.9222222222224,11.277777777777779,59.58518518518518
Van Nuys,39066.96103896104,1674683.7376623377,1716.0883116883117,1674683742.0623376,44000.0,167468417766.23376,91405.68311688311,86.0,2.0,3.0,234.64675324675324,82.02857142857142,44000.0,167468417766.23376,534117.9767332778,3160.8200631319564,51291.23160762943,1438.0025974025973,3782.4623376623376,10594734.907541096,14189.006077101632,4283.218181818182,2579.353246753247,1703.864935064935,1595.8675324675326,1008.6987012987013,220.05974025974027,5.706493506493507,324.7220779220779
Manchester Square,49387.09375,2380002.5,2505.5,2380002505.5,44000.0,238000294000.0,90047.0,75.0,6.0,2.0,87.59375,32.385416666666664,44000.0,238000294000.0,220164.1428353228,1991.5246011078277,50625.5,1750.5,3467.0,10568792.49707035,13267.342624886698,4204.5,1197.0,3007.5,2837.5,97.5,2631.5,11.0,37.5
Wellington Square,44671.22222222222,2187016.222222222,1410.4074074074074,2187016225.2222223,44000.0,218701666222.22223,90016.96296296296,75.0,6.0,2.0,172.37037037037038,64.92592592592592,44000.0,218701666222.22223,362611.85060282616,3140.941762405351,50154.25925925926,862.8148148148148,2943.4814814814813,4955812.761501738,10484.7843212827,2331.740740740741,1162.037037037037,1169.7037037037037,1086.9259259259259,200.40740740740742,674.0,8.666666666666666,180.25925925925927
Alsace,48765.35,2198644.2666666666,1936.6833333333334,2198644270.016667,44000.0,219864470666.66666,90023.2,75.0,6.0,2.0,175.88333333333333,58.666666666666664,44000.0,219864470666.66666,289209.422759692,2223.7010102359377,49686.03333333333,1200.7666666666667,2952.9,6157420.453255208,10796.205265139288,3814.2,2746.8333333333335,1067.3666666666666,970.5,272.23333333333335,568.8666666666667,5.1,91.2
Wilmington,50963.51473136915,4085919.419410745,1601.369150779896,4085919434.9913344,44000.0,408591985941.0745,90745.25347222222,31.0,8.0,4.0,89.23916811091854,24.837088388214905,44000.0,408591985941.0745,357610.44906811044,2529.038888816381,49215.12681912682,860.1993067590988,4342.15424610052,22210011.654483058,22862.981518930636,3104.4488734835354,2756.313691507799,348.13518197573654,311.4523396880416,128.1906412478336,87.36395147313692,6.140381282495667,60.05545927209705
Exposition Park,58668.83269961977,2269255.300380228,1923.4144486692014,2269255307.444867,44000.0,226925574038.02283,90032.78326996198,74.56653992395437,6.0,2.0,161.28136882129277,46.631178707224336,44000.0,226925574038.02283,269349.97705152055,2266.014810735292,48788.43037974684,1097.851711026616,3175.0760456273765,7196137.352531634,11141.800291720287,4058.1825095057034,2441.6768060836503,1616.5057034220533,1517.3688212927757,355.5361216730038,766.6692015209126,8.452471482889734,355.7794676806084
East Hollywood,39918.22935779816,1913305.5412844038,1508.302752293578,1913305545.0,44000.0,191330598128.44037,90028.46788990825,21.61467889908257,4.0,1.0,224.5321100917431,96.42201834862385,44000.0,191330598128.44037,281882.3070864307,2309.305164747682,48737.84403669725,1329.0550458715597,4610.623853211009,4542127.25301928,8736.405435842342,3343.1926605504586,1580.1009174311926,1763.091743119266,1670.3211009174313,985.4587155963303,108.6788990825688,4.81651376146789,550.4954128440367
Wilshire Center,49743.5447761194,2114357.0895522386,1420.3880597014925,2114357092.0298507,44000.0,211435752955.22388,90008.38059701493,20.940298507462686,4.0,1.992537313432836,351.54477611940297,162.7089552238806,44000.0,211435752955.22388,268466.45465781033,2202.4928731297737,48343.753731343284,1352.8059701492537,2630.1417910447763,2759417.4593924927,6854.234237755155,3218.3283582089553,1463.2835820895523,1755.044776119403,1677.6567164179105,353.53731343283584,158.30597014925374,3.8507462686567164,1140.044776119403
Harvard Park,51727.86708860759,2374426.3164556962,2365.784810126582,2374426321.481013,44000.0,237442675645.5696,90039.50632911392,74.82911392405063,6.0,2.0,120.81645569620254,34.651898734177216,44000.0,237442675645.5696,199706.287106035,1939.3733119811966,48107.81012658228,1196.8512658227849,3459.259493670886,7190654.297282932,10770.522531819839,4143.322784810127,2752.509493670886,1390.8132911392406,1295.5632911392406,58.15822784810127,1173.9208860759493,5.120253164556962,24.120253164556964
Boyle Heights,50092.02762430939,2042438.6169429098,1753.9797421731123,2042438623.2246778,44000.0,204243905694.291,90033.18416206262,47.0,4.0,1.0,144.77348066298342,41.828729281767956,44000.0,204243905694.291,265228.74570702936,2338.621057036091,47727.63351749539,969.4290976058932,2376.4475138121547,8107480.453020695,11986.222180820703,3533.6077348066297,3269.8729281767955,263.7348066298343,243.69244935543279,94.18968692449356,57.20441988950276,4.627992633517495,73.94843462246777
West Vernon,57028.336134453784,2320727.6470588236,1768.2773109243697,2320727650.630252,44000.0,232072808705.88235,90049.71008403362,75.0,6.0,2.0,214.23949579831933,62.7436974789916,44000.0,232072808705.88235,295461.12821854686,2477.8080997096904,46132.59243697479,1101.936974789916,3289.827731092437,5740672.34692588,9948.548393400815,3792.5966386554624,2618.3949579831933,1174.2016806722688,1091.8487394957983,92.74369747899159,903.1848739495798,6.773109243697479,55.726890756302524
Figueroa Park Square,55731.505494505494,2412267.6373626376,2258.285714285714,2412267642.9010987,44000.0,241226807736.26373,90047.02197802198,69.0,6.0,2.0,94.04395604395604,28.67032967032967,44000.0,241226807736.26373,217587.93908842895,2053.7044820804335,45866.67032967033,1198.5164835164835,3633.021978021978,9096033.180825055,12111.40930282006,3947.1098901098903,2313.802197802198,1633.3076923076924,1539.098901098901,56.32967032967033,1412.5604395604396,3.142857142857143,25.857142857142858
Thai Town,45353.61538461538,1904563.8461538462,1539.1538461538462,1904563846.8461537,44000.0,190456428615.3846,90027.0,34.0,4.0,1.0,671.8461538461538,381.46153846153845,44000.0,190456428615.3846,470313.37674651324,3058.600381787743,45581.230769230766,1487.6153846153845,4595.692307692308,2149287.538762021,5893.2839787125595,3004.3846153846152,844.4615384615385,2159.923076923077,2046.6153846153845,1482.1538461538462,125.92307692307692,6.076923076923077,410.3076923076923
Vernon Central,51651.28888888889,2287247.9377777777,1720.5466666666666,2287247942.768889,44000.0,228724837777.77777,90022.48888888888,72.0,6.0,2.0,216.7422222222222,51.72,44000.0,228724837777.77777,282608.99655762967,2360.3028374966807,45383.58666666667,1049.8444444444444,3137.0444444444443,6471384.958802091,10651.971320246868,4535.386666666666,3990.302222222222,545.0844444444444,514.7688888888889,39.67111111111111,407.8,4.986666666666666,41.07555555555555
Little Bangladesh,39584.03448275862,2119128.172413793,1622.155172413793,2119128173.8793104,44000.0,211912861241.3793,90016.55172413793,34.0,4.0,2.0,471.01724137931035,234.39655172413794,44000.0,211912861241.3793,241044.7537003607,2035.1348818169765,45270.379310344826,1569.8620689655172,2639.103448275862,2049948.8930832439,5744.253437666854,3616.2758620689656,1193.4827586206898,2422.793103448276,2334.8275862068967,396.6551724137931,206.41379310344828,5.0,1701.2758620689656
Central,56389.993902439026,2274410.1707317075,1637.7926829268292,2274410174.378049,44000.0,227441061073.17075,90012.54268292683,72.0,6.0,2.0,211.8170731707317,51.920731707317074,44000.0,227441061073.17075,254370.20370658388,2175.870059666793,45201.65853658537,947.3475609756098,3127.567073170732,4924249.323855517,9794.782546749051,3817.0304878048782,3434.1158536585367,382.9146341463415,359.719512195122,56.323170731707314,240.2560975609756,3.5304878048780486,46.28658536585366
Green Meadows,53004.2131147541,2403706.2459016396,2427.464480874317,2403706252.601093,44000.0,240370668590.16394,90002.4043715847,69.0,6.0,2.0,115.53005464480874,29.224043715846996,44000.0,240370668590.16394,186969.44975811875,1875.732129943351,44832.879781420765,1341.3169398907103,3561.464480874317,9195728.494071243,13053.647961920968,5472.972677595629,4054.9562841530055,1418.016393442623,1345.655737704918,60.49726775956284,1212.5081967213114,8.043715846994536,27.131147540983605
Florence-Firestone,50627.09210526316,2395162.8771929825,1960.0526315789473,2395162881.105263,44000.0,239516331719.29825,90002.82456140351,71.02631578947368,6.0,2.0,200.7938596491228,49.969298245614034,44000.0,239516331719.29825,307525.65891317924,2411.508742007169,44529.72368421053,1034.592105263158,3479.2587719298244,6855285.355760014,11286.179383500574,4157.320175438596,3323.004385964912,834.3157894736842,788.438596491228,48.333333333333336,697.5043859649123,4.2105263157894735,14.030701754385966
Century Palms/Cove,51083.81851851852,2410299.1296296297,2098.7,2410299135.737037,44000.0,241029956962.96295,90047.8111111111,69.0,6.0,2.0,121.0037037037037,31.18148148148148,44000.0,241029956962.96295,214505.86760070542,2144.7995360942564,44375.677777777775,1037.0333333333333,3629.0222222222224,7426529.992343028,13030.054436359902,4087.1037037037036,2851.9518518518516,1235.151851851852,1176.8962962962962,47.05185185185185,1081.0481481481481,3.77037037037037,14.651851851851852
Harvard Heights,59715.04285714286,2212673.0142857144,1446.5428571428572,2212673017.9714284,44000.0,221267345428.57144,90011.1,34.0,4.0,2.0,225.8,73.51428571428572,44000.0,221267345428.57144,298550.37170098553,2259.0979977549678,43090.671428571426,1015.5142857142857,2960.7428571428572,4332080.766085381,8727.14666610992,3309.114285714286,2385.3142857142857,923.8,870.5,184.3,283.54285714285714,5.128571428571429,374.5285714285714
Elysian Park,41659.84210526316,5545433.1228070175,1552.122807017544,5545433131.070175,44000.0,554543356280.7018,90016.0350877193,9.0,4.0,1.0,82.6140350877193,37.45614035087719,44000.0,554543356280.7018,856460.7036616777,4301.980127100615,42956.14035087719,1191.7719298245613,4601.491228070176,23065266.164233845,23371.767519653135,2548.40350877193,775.9122807017544,1772.4912280701753,1671.4912280701753,519.0526315789474,93.01754385964912,5.894736842105263,1034.298245614035
Koreatown,48768.93103448276,2128508.988505747,1520.3333333333333,2128508991.597701,44000.0,212850942850.5747,90008.17816091955,34.0,4.0,2.0,271.82183908045977,125.10919540229885,44000.0,212850942850.5747,233576.7136145542,2024.3289770981455,42263.53448275862,1316.1264367816093,2754.9367816091954,3300593.225462464,7669.03899510815,3328.114942528736,1487.16091954023,1840.9540229885058,1776.8505747126437,271.5287356321839,165.52298850574712,4.574712643678161,1319.2471264367816
Vermont Knolls,50026.3537414966,2379611.768707483,2251.2380952380954,2379611775.047619,44000.0,237961220870.7483,90041.58503401361,75.0,6.0,2.0,120.03401360544218,38.57823129251701,44000.0,237961220870.7483,201877.15110038896,1965.1614166930185,41986.89115646258,1611.7278911564626,3466.4557823129253,9364193.151832253,12517.645963521825,4889.925170068027,2167.3197278911566,2722.605442176871,2587.3061224489797,75.56462585034014,2411.3469387755104,11.346938775510203,36.57823129251701
South Park,53798.35164835165,2307132.214285714,1779.1483516483515,2307132218.7087913,44000.0,230713265428.57144,90026.85714285714,72.67582417582418,6.0,2.0,197.84615384615384,49.08791208791209,44000.0,230713265428.57144,220808.73839902566,2136.4725839843295,40686.91758241758,1131.6593406593406,3223.3186813186812,4846910.0419438975,9150.683032798299,4464.571428571428,3734.5934065934066,729.978021978022,685.6648351648352,67.64285714285714,546.5164835164835,7.554945054945055,33.28021978021978
West Adams,49118.8515625,2207574.8984375,1464.609375,2207574902.109375,44000.0,220757533843.75,90014.046875,75.0,6.0,2.0,205.875,77.2734375,44000.0,220757533843.75,318800.73631824175,2673.7968217416187,39703.1171875,1180.1640625,2960.4140625,5215227.337226871,10145.07059754698,3310.8828125,2032.1640625,1278.71875,1188.328125,235.859375,660.234375,6.1640625,262.0546875
St Elmo Village,61676.36842105263,2182102.0,2002.6842105263158,2182102002.6842103,44000.0,218210244000.0,90019.0,34.0,4.0,2.0,207.94736842105263,67.6842105263158,44000.0,218210244000.0,220081.3843911985,2032.7503279357086,38207.0,1190.0,2937.0,4174755.20996094,8767.26244563689,3951.0,2852.0,1099.0,1016.0,303.0,477.0,14.0,169.0
Westlake,46048.520547945205,2091115.8904109588,1372.8561643835617,2091115893.4041095,44000.0,209111633041.0959,90035.56164383562,9.0,4.0,1.0,386.4931506849315,160.986301369863,44000.0,209111633041.0959,219473.02355992183,2014.7634883670053,38110.45205479452,1388.445205479452,2575.321917808219,2159672.0569416205,6284.7499029468445,3356.246575342466,2149.7397260273974,1206.5068493150684,1138.2465753424658,320.958904109589,236.7876712328767,9.136986301369863,547.4041095890411
Vermont Vista,52111.91705069124,2400275.608294931,2064.5806451612902,2400275612.967742,44000.0,240027604829.49307,90018.30414746543,69.85714285714286,6.0,2.0,184.2995391705069,50.56221198156682,44000.0,240027604829.49307,243635.67668772987,2225.5343130318092,37988.6129032258,1327.663594470046,3548.5529953917053,6554595.798670616,10634.00480268444,4869.299539170507,3408.0875576036865,1461.2119815668202,1375.184331797235,65.08755760368663,1245.2672811059908,10.290322580645162,24.622119815668203
Watts,53938.8125,2425882.4270833335,1806.15625,2425882431.15625,44000.0,242588286708.33334,90030.42708333333,69.0,6.0,2.0,220.03125,55.182291666666664,44000.0,242588286708.33334,300797.03743173904,2539.1949853644887,37337.385416666664,1111.9427083333333,3641.0729166666665,6426985.106201182,10682.821190518862,4557.979166666667,3403.5729166666665,1154.40625,1111.4427083333333,50.098958333333336,1016.2604166666666,4.458333333333333,19.645833333333332
Little Armenia,40082.166666666664,1911164.0416666667,1544.7083333333333,1911164044.7083333,44000.0,191116448166.66666,90028.41666666667,34.0,4.0,1.0,289.25,119.04166666666667,44000.0,191116448166.66666,292594.0055238717,2478.1345288893167,36822.25,1433.0,4605.625,3654797.935791016,8048.388673393795,3553.5,1586.625,1966.875,1876.75,1324.375,137.0,5.75,383.375
Victoria Park,58373.275,2181156.625,1628.775,2181156628.775,44000.0,218115706500.0,90018.975,34.0,4.0,2.0,184.25,67.725,44000.0,218115706500.0,280887.0858176617,2274.343709314978,36346.85,1310.05,2935.55,5542347.612597658,10623.875713639045,3741.5,2296.05,1445.45,1370.0,229.8,462.35,3.9,636.45
Chinatown,42268.171875,2071022.0,1385.3125,2071022010.3125,44000.0,207102244000.0,90012.0,9.0,4.0,1.0,136.03125,69.046875,44000.0,207102244000.0,174802.83171263742,1883.8560816212416,35975.46875,1334.21875,2487.0625,3896385.602325442,9307.620872609934,2984.5625,702.125,2282.4375,2220.625,325.34375,227.0,8.25,1641.3125
Pico-Union,47904.449438202246,2164660.162921348,1627.314606741573,2164660166.6404495,44000.0,216466060292.13483,90010.09550561798,9.0,4.0,1.1348314606741574,219.23595505617976,79.58426966292134,44000.0,216466060292.13483,209887.32465504846,2012.1613101123194,34810.870786516854,1117.870786516854,2845.438202247191,3719236.4149677427,8075.681558841377,3182.7696629213483,2372.8595505617977,809.9101123595506,768.5168539325842,175.98314606741573,173.56741573033707,5.264044943820225,392.89325842696627
University Park,55977.08974358974,2239135.596153846,1565.301282051282,2239135603.7628207,44000.0,223913603615.3846,90009.58974358975,65.82692307692308,5.743589743589744,2.0,165.08333333333334,57.06410256410256,44000.0,223913603615.3846,243764.05320857323,2108.414512298263,28452.344155844155,850.5,3085.391025641026,6150724.639441857,10530.295047533358,3266.9166666666665,1685.0320512820513,1581.8846153846155,1510.8910256410256,593.8397435897435,298.7307692307692,7.647435897435898,581.2564102564103
Little Tokyo,48311.620689655174,2062017.3793103448,1178.551724137931,2062017385.4482758,44000.0,206201781931.0345,90012.68965517242,9.0,4.0,1.0,195.93103448275863,82.24137931034483,44000.0,206201781931.0345,214803.70656788806,1948.9872849535261,22373.724137931036,1212.0689655172414,2481.6206896551726,3371627.837149788,8618.836429000601,2887.8275862068967,733.5172413793103,2154.310344827586,2038.1379310344828,615.7586206896551,489.9655172413793,49.206896551724135,847.7241379310345
Angeles National Forest,41451.04761904762,9800261.0,1010.0,9800261010.0,44000.0,980026144000.0,91041.61904761905,19.0,2.0,5.0,0.5238095238095238,0.2857142857142857,44000.0,980026144000.0,7124497.1195183415,9062.344179400554,,0.0,4572.0,149611040.796875,101888.807191653,11.0,1.0,10.0,9.0,8.0,1.0,0.0,0.0
